{
    "epoch": 4.0,
    "eval_samples": 10790,
    "exact_match": 85.53453169347209,
    "f1": 92.03908182322262,
    "train_runtime": 10865.5074,
    "train_samples": 88567,
    "train_samples_per_second": 1.359
}