{
    "epoch": 4.0,
    "eval_samples": 10790,
    "exact_match": 85.53453169347209,
    "f1": 92.03908182322262
}