{
    "epoch": 2.0,
    "eval_samples": 10790,
    "exact_match": 86.19678334910122,
    "f1": 92.30719821277273,
    "train_runtime": 5658.7051,
    "train_samples": 88567,
    "train_samples_per_second": 1.305
}